Campaign,Ad Group,Ad Type,Headline 1,Headline 2,Headline 3,Headline 4,Headline 5,Headline 6,Headline 7,Headline 8,Headline 9,Headline 10,Headline 11,Headline 12,Headline 13,Headline 14,Headline 15,Description 1,Description 2,Description 3,Description 4,Final URL,Path 1,Path 2
MY AVTO Search,Поршни общее,Responsive search ad,Поршни на японские авто,Купить поршни Алматы,Поршни TEIKIN NPR IZUMI,Поршни любых размеров,Поршни STD 0.25 0.50,Поршни на капремонт,WhatsApp 7015509377,Магазин ТЦ CarCity,Доставка по Казахстану,Бесплатная консультация,Гарантия качества,Цены ниже рынка на 20%,Бутик 135В в CarCity,Магазин с 2015 года,Подбор по двигателю,"Поршни на Toyota, Nissan, Mitsubishi, Mazda. Бренды TEIKIN, NPR, IZUMI в наличии.",Магазин в Алматы ТЦ CarCity 3 ярус бутик 135В. Опытные консультанты с 2015 года.,Подбор по марке и коду двигателя через WhatsApp за 10 минут. Бесплатно.,Все размеры STD 0.25 0.50 в наличии. Доставка СДЭК по всему Казахстану.,https://my-avto.kz/zapchasti/porshni/,zapchasti,porshni
MY AVTO Search,Кольца общее,Responsive search ad,Кольца поршневые,Купить кольца Алматы,Кольца TP NPR RIK,Кольца на капремонт,Кольца все размеры,Комплект колец на ДВС,WhatsApp 7015509377,Магазин ТЦ CarCity,Доставка по Казахстану,Бесплатная консультация,Гарантия качества,Цены ниже рынка на 20%,Бутик 135В в CarCity,Магазин с 2015 года,Подбор по двигателю,"Кольца поршневые TP, NPR, RIK на двигатели Toyota, Nissan, Mitsubishi.",Магазин в Алматы ТЦ CarCity 3 ярус бутик 135В. Опытные консультанты с 2015 года.,Подбор по марке и коду двигателя через WhatsApp за 10 минут. Бесплатно.,Все размеры STD 0.25 0.50 в наличии. Доставка СДЭК по всему Казахстану.,https://my-avto.kz/zapchasti/koltsa-porshnevye/,zapchasti,koltsa
MY AVTO Search,Вкладыши общее,Responsive search ad,Вкладыши коренные,Вкладыши шатунные,Вкладыши Taiho NDC,Купить вкладыши Алматы,Все размеры STD 0.25,Комплект вкладышей,WhatsApp 7015509377,Магазин ТЦ CarCity,Доставка по Казахстану,Бесплатная консультация,Гарантия качества,Цены ниже рынка на 20%,Бутик 135В в CarCity,Магазин с 2015 года,Подбор по двигателю,"Вкладыши коренные и шатунные Taiho, NDC, Daido на японские двигатели.",Магазин в Алматы ТЦ CarCity 3 ярус бутик 135В. Опытные консультанты с 2015 года.,Подбор по марке и коду двигателя через WhatsApp за 10 минут. Бесплатно.,Все размеры STD 0.25 0.50 в наличии. Доставка СДЭК по всему Казахстану.,https://my-avto.kz/zapchasti/vkladyshi/,zapchasti,vkladyshi
MY AVTO Search,Гео-Алматы,Responsive search ad,Запчасти для капремонта,Магазин в Алматы,Японские запчасти,Поршни кольца вкладыши,MY AVTO CarCity,Магазин с 2015 года,WhatsApp 7015509377,Магазин ТЦ CarCity,Доставка по Казахстану,Бесплатная консультация,Гарантия качества,Цены ниже рынка на 20%,Бутик 135В в CarCity,Подбор по двигателю,,"Магазин запчастей для капремонта в Алматы. Японские бренды, любые размеры.",Магазин в Алматы ТЦ CarCity 3 ярус бутик 135В. Опытные консультанты с 2015 года.,Подбор по марке и коду двигателя через WhatsApp за 10 минут. Бесплатно.,Все размеры STD 0.25 0.50 в наличии. Доставка СДЭК по всему Казахстану.,https://my-avto.kz/,almaty,zapchasti
MY AVTO Search,Toyota,Responsive search ad,Запчасти Toyota,Поршни Toyota,Кольца Toyota,Вкладыши Toyota,Капремонт Toyota,Ремкомплект Toyota,WhatsApp 7015509377,Магазин ТЦ CarCity,Доставка по Казахстану,Бесплатная консультация,Гарантия качества,Цены ниже рынка на 20%,Бутик 135В в CarCity,Магазин с 2015 года,Подбор по двигателю,"Запчасти для капремонта Toyota. Поршни, кольца, вкладыши в наличии.",Магазин в Алматы ТЦ CarCity 3 ярус бутик 135В. Опытные консультанты с 2015 года.,Подбор по марке и коду двигателя через WhatsApp за 10 минут. Бесплатно.,Все размеры STD 0.25 0.50 в наличии. Доставка СДЭК по всему Казахстану.,https://my-avto.kz/toyota/,toyota,zapchasti
MY AVTO Search,Nissan,Responsive search ad,Запчасти Nissan,Поршни Nissan,Кольца Nissan,Вкладыши Nissan,Капремонт Nissan,Ремкомплект Nissan,WhatsApp 7015509377,Магазин ТЦ CarCity,Доставка по Казахстану,Бесплатная консультация,Гарантия качества,Цены ниже рынка на 20%,Бутик 135В в CarCity,Магазин с 2015 года,Подбор по двигателю,"Запчасти для капремонта Nissan. Поршни, кольца, вкладыши в наличии.",Магазин в Алматы ТЦ CarCity 3 ярус бутик 135В. Опытные консультанты с 2015 года.,Подбор по марке и коду двигателя через WhatsApp за 10 минут. Бесплатно.,Все размеры STD 0.25 0.50 в наличии. Доставка СДЭК по всему Казахстану.,https://my-avto.kz/nissan/,nissan,zapchasti
MY AVTO Search,Mitsubishi,Responsive search ad,Запчасти Mitsubishi,Поршни Mitsubishi,Кольца Mitsubishi,Вкладыши Mitsubishi,Капремонт Mitsubishi,Ремкомплект Mitsubishi,WhatsApp 7015509377,Магазин ТЦ CarCity,Доставка по Казахстану,Бесплатная консультация,Гарантия качества,Цены ниже рынка на 20%,Бутик 135В в CarCity,Магазин с 2015 года,Подбор по двигателю,"Запчасти для капремонта Mitsubishi. Поршни, кольца, вкладыши в наличии.",Магазин в Алматы ТЦ CarCity 3 ярус бутик 135В. Опытные консультанты с 2015 года.,Подбор по марке и коду двигателя через WhatsApp за 10 минут. Бесплатно.,Все размеры STD 0.25 0.50 в наличии. Доставка СДЭК по всему Казахстану.,https://my-avto.kz/mitsubishi/,mitsubishi,zapchasti
MY AVTO Search,Mazda,Responsive search ad,Запчасти Mazda,Поршни Mazda,Кольца Mazda,Вкладыши Mazda,Капремонт Mazda,Ремкомплект Mazda,WhatsApp 7015509377,Магазин ТЦ CarCity,Доставка по Казахстану,Бесплатная консультация,Гарантия качества,Цены ниже рынка на 20%,Бутик 135В в CarCity,Магазин с 2015 года,Подбор по двигателю,"Запчасти для капремонта Mazda. Поршни, кольца, вкладыши в наличии.",Магазин в Алматы ТЦ CarCity 3 ярус бутик 135В. Опытные консультанты с 2015 года.,Подбор по марке и коду двигателя через WhatsApp за 10 минут. Бесплатно.,Все размеры STD 0.25 0.50 в наличии. Доставка СДЭК по всему Казахстану.,https://my-avto.kz/mazda/,mazda,zapchasti
MY AVTO Search,Двигатель 1KZ,Responsive search ad,Запчасти 1KZ,Поршни 1KZ,Кольца 1KZ,Вкладыши 1KZ,Капремонт 1KZ,Ремкомплект 1KZ,WhatsApp 7015509377,Магазин ТЦ CarCity,Доставка по Казахстану,Бесплатная консультация,Гарантия качества,Цены ниже рынка на 20%,Бутик 135В в CarCity,Магазин с 2015 года,Подбор по двигателю,"Запчасти на двигатель 1KZ: поршни, кольца, вкладыши. Все размеры в наличии.",Магазин в Алматы ТЦ CarCity 3 ярус бутик 135В. Опытные консультанты с 2015 года.,Подбор по марке и коду двигателя через WhatsApp за 10 минут. Бесплатно.,Все размеры STD 0.25 0.50 в наличии. Доставка СДЭК по всему Казахстану.,https://my-avto.kz/toyota/dvigateli/1kz/,toyota,1kz
MY AVTO Search,Двигатель 2JZ,Responsive search ad,Запчасти 2JZ,Поршни 2JZ,Кольца 2JZ,Вкладыши 2JZ,Капремонт 2JZ,Ремкомплект 2JZ,WhatsApp 7015509377,Магазин ТЦ CarCity,Доставка по Казахстану,Бесплатная консультация,Гарантия качества,Цены ниже рынка на 20%,Бутик 135В в CarCity,Магазин с 2015 года,Подбор по двигателю,"Запчасти на двигатель 2JZ: поршни, кольца, вкладыши. Все размеры в наличии.",Магазин в Алматы ТЦ CarCity 3 ярус бутик 135В. Опытные консультанты с 2015 года.,Подбор по марке и коду двигателя через WhatsApp за 10 минут. Бесплатно.,Все размеры STD 0.25 0.50 в наличии. Доставка СДЭК по всему Казахстану.,https://my-avto.kz/toyota/dvigateli/2jz/,toyota,2jz
MY AVTO Search,Двигатель 1JZ,Responsive search ad,Запчасти 1JZ,Поршни 1JZ,Кольца 1JZ,Вкладыши 1JZ,Капремонт 1JZ,Ремкомплект 1JZ,WhatsApp 7015509377,Магазин ТЦ CarCity,Доставка по Казахстану,Бесплатная консультация,Гарантия качества,Цены ниже рынка на 20%,Бутик 135В в CarCity,Магазин с 2015 года,Подбор по двигателю,"Запчасти на двигатель 1JZ: поршни, кольца, вкладыши. Все размеры в наличии.",Магазин в Алматы ТЦ CarCity 3 ярус бутик 135В. Опытные консультанты с 2015 года.,Подбор по марке и коду двигателя через WhatsApp за 10 минут. Бесплатно.,Все размеры STD 0.25 0.50 в наличии. Доставка СДЭК по всему Казахстану.,https://my-avto.kz/toyota/dvigateli/1jz/,toyota,1jz
MY AVTO Search,Двигатель 1ZZ,Responsive search ad,Запчасти 1ZZ,Поршни 1ZZ,Кольца 1ZZ,Вкладыши 1ZZ,Капремонт 1ZZ,Ремкомплект 1ZZ,WhatsApp 7015509377,Магазин ТЦ CarCity,Доставка по Казахстану,Бесплатная консультация,Гарантия качества,Цены ниже рынка на 20%,Бутик 135В в CarCity,Магазин с 2015 года,Подбор по двигателю,"Запчасти на двигатель 1ZZ: поршни, кольца, вкладыши. Все размеры в наличии.",Магазин в Алматы ТЦ CarCity 3 ярус бутик 135В. Опытные консультанты с 2015 года.,Подбор по марке и коду двигателя через WhatsApp за 10 минут. Бесплатно.,Все размеры STD 0.25 0.50 в наличии. Доставка СДЭК по всему Казахстану.,https://my-avto.kz/toyota/dvigateli/1zz/,toyota,1zz
MY AVTO Search,Двигатель 2AZ,Responsive search ad,Запчасти 2AZ,Поршни 2AZ,Кольца 2AZ,Вкладыши 2AZ,Капремонт 2AZ,Ремкомплект 2AZ,WhatsApp 7015509377,Магазин ТЦ CarCity,Доставка по Казахстану,Бесплатная консультация,Гарантия качества,Цены ниже рынка на 20%,Бутик 135В в CarCity,Магазин с 2015 года,Подбор по двигателю,"Запчасти на двигатель 2AZ: поршни, кольца, вкладыши. Все размеры в наличии.",Магазин в Алматы ТЦ CarCity 3 ярус бутик 135В. Опытные консультанты с 2015 года.,Подбор по марке и коду двигателя через WhatsApp за 10 минут. Бесплатно.,Все размеры STD 0.25 0.50 в наличии. Доставка СДЭК по всему Казахстану.,https://my-avto.kz/toyota/dvigateli/2az/,toyota,2az
MY AVTO Search,Двигатель 1MZ,Responsive search ad,Запчасти 1MZ,Поршни 1MZ,Кольца 1MZ,Вкладыши 1MZ,Капремонт 1MZ,Ремкомплект 1MZ,WhatsApp 7015509377,Магазин ТЦ CarCity,Доставка по Казахстану,Бесплатная консультация,Гарантия качества,Цены ниже рынка на 20%,Бутик 135В в CarCity,Магазин с 2015 года,Подбор по двигателю,"Запчасти на двигатель 1MZ: поршни, кольца, вкладыши. Все размеры в наличии.",Магазин в Алматы ТЦ CarCity 3 ярус бутик 135В. Опытные консультанты с 2015 года.,Подбор по марке и коду двигателя через WhatsApp за 10 минут. Бесплатно.,Все размеры STD 0.25 0.50 в наличии. Доставка СДЭК по всему Казахстану.,https://my-avto.kz/toyota/dvigateli/1mz/,toyota,1mz
MY AVTO Search,Двигатель 2GR,Responsive search ad,Запчасти 2GR,Поршни 2GR,Кольца 2GR,Вкладыши 2GR,Капремонт 2GR,Ремкомплект 2GR,WhatsApp 7015509377,Магазин ТЦ CarCity,Доставка по Казахстану,Бесплатная консультация,Гарантия качества,Цены ниже рынка на 20%,Бутик 135В в CarCity,Магазин с 2015 года,Подбор по двигателю,"Запчасти на двигатель 2GR: поршни, кольца, вкладыши. Все размеры в наличии.",Магазин в Алматы ТЦ CarCity 3 ярус бутик 135В. Опытные консультанты с 2015 года.,Подбор по марке и коду двигателя через WhatsApp за 10 минут. Бесплатно.,Все размеры STD 0.25 0.50 в наличии. Доставка СДЭК по всему Казахстану.,https://my-avto.kz/toyota/dvigateli/2gr/,toyota,2gr
MY AVTO Search,Двигатель 1GR,Responsive search ad,Запчасти 1GR,Поршни 1GR,Кольца 1GR,Вкладыши 1GR,Капремонт 1GR,Ремкомплект 1GR,WhatsApp 7015509377,Магазин ТЦ CarCity,Доставка по Казахстану,Бесплатная консультация,Гарантия качества,Цены ниже рынка на 20%,Бутик 135В в CarCity,Магазин с 2015 года,Подбор по двигателю,"Запчасти на двигатель 1GR: поршни, кольца, вкладыши. Все размеры в наличии.",Магазин в Алматы ТЦ CarCity 3 ярус бутик 135В. Опытные консультанты с 2015 года.,Подбор по марке и коду двигателя через WhatsApp за 10 минут. Бесплатно.,Все размеры STD 0.25 0.50 в наличии. Доставка СДЭК по всему Казахстану.,https://my-avto.kz/toyota/dvigateli/1gr/,toyota,1gr
MY AVTO Search,Двигатель 2UZ,Responsive search ad,Запчасти 2UZ,Поршни 2UZ,Кольца 2UZ,Вкладыши 2UZ,Капремонт 2UZ,Ремкомплект 2UZ,WhatsApp 7015509377,Магазин ТЦ CarCity,Доставка по Казахстану,Бесплатная консультация,Гарантия качества,Цены ниже рынка на 20%,Бутик 135В в CarCity,Магазин с 2015 года,Подбор по двигателю,"Запчасти на двигатель 2UZ: поршни, кольца, вкладыши. Все размеры в наличии.",Магазин в Алматы ТЦ CarCity 3 ярус бутик 135В. Опытные консультанты с 2015 года.,Подбор по марке и коду двигателя через WhatsApp за 10 минут. Бесплатно.,Все размеры STD 0.25 0.50 в наличии. Доставка СДЭК по всему Казахстану.,https://my-avto.kz/toyota/dvigateli/2uz/,toyota,2uz
MY AVTO Search,Двигатель 3S,Responsive search ad,Запчасти 3S,Поршни 3S,Кольца 3S,Вкладыши 3S,Капремонт 3S,Ремкомплект 3S,WhatsApp 7015509377,Магазин ТЦ CarCity,Доставка по Казахстану,Бесплатная консультация,Гарантия качества,Цены ниже рынка на 20%,Бутик 135В в CarCity,Магазин с 2015 года,Подбор по двигателю,"Запчасти на двигатель 3S: поршни, кольца, вкладыши. Все размеры в наличии.",Магазин в Алматы ТЦ CarCity 3 ярус бутик 135В. Опытные консультанты с 2015 года.,Подбор по марке и коду двигателя через WhatsApp за 10 минут. Бесплатно.,Все размеры STD 0.25 0.50 в наличии. Доставка СДЭК по всему Казахстану.,https://my-avto.kz/toyota/dvigateli/3s/,toyota,3s
MY AVTO Search,Двигатель 4D56,Responsive search ad,Запчасти 4D56,Поршни 4D56,Кольца 4D56,Вкладыши 4D56,Капремонт 4D56,Ремкомплект 4D56,WhatsApp 7015509377,Магазин ТЦ CarCity,Доставка по Казахстану,Бесплатная консультация,Гарантия качества,Цены ниже рынка на 20%,Бутик 135В в CarCity,Магазин с 2015 года,Подбор по двигателю,"Запчасти на двигатель 4D56: поршни, кольца, вкладыши. Все размеры в наличии.",Магазин в Алматы ТЦ CarCity 3 ярус бутик 135В. Опытные консультанты с 2015 года.,Подбор по марке и коду двигателя через WhatsApp за 10 минут. Бесплатно.,Все размеры STD 0.25 0.50 в наличии. Доставка СДЭК по всему Казахстану.,https://my-avto.kz/mitsubishi/dvigateli/4d56/,mitsubishi,4d56
MY AVTO Search,Двигатель 4M40,Responsive search ad,Запчасти 4M40,Поршни 4M40,Кольца 4M40,Вкладыши 4M40,Капремонт 4M40,Ремкомплект 4M40,WhatsApp 7015509377,Магазин ТЦ CarCity,Доставка по Казахстану,Бесплатная консультация,Гарантия качества,Цены ниже рынка на 20%,Бутик 135В в CarCity,Магазин с 2015 года,Подбор по двигателю,"Запчасти на двигатель 4M40: поршни, кольца, вкладыши. Все размеры в наличии.",Магазин в Алматы ТЦ CarCity 3 ярус бутик 135В. Опытные консультанты с 2015 года.,Подбор по марке и коду двигателя через WhatsApp за 10 минут. Бесплатно.,Все размеры STD 0.25 0.50 в наличии. Доставка СДЭК по всему Казахстану.,https://my-avto.kz/mitsubishi/dvigateli/4m40/,mitsubishi,4m40
MY AVTO Search,Двигатель 4M41,Responsive search ad,Запчасти 4M41,Поршни 4M41,Кольца 4M41,Вкладыши 4M41,Капремонт 4M41,Ремкомплект 4M41,WhatsApp 7015509377,Магазин ТЦ CarCity,Доставка по Казахстану,Бесплатная консультация,Гарантия качества,Цены ниже рынка на 20%,Бутик 135В в CarCity,Магазин с 2015 года,Подбор по двигателю,"Запчасти на двигатель 4M41: поршни, кольца, вкладыши. Все размеры в наличии.",Магазин в Алматы ТЦ CarCity 3 ярус бутик 135В. Опытные консультанты с 2015 года.,Подбор по марке и коду двигателя через WhatsApp за 10 минут. Бесплатно.,Все размеры STD 0.25 0.50 в наличии. Доставка СДЭК по всему Казахстану.,https://my-avto.kz/mitsubishi/dvigateli/4m41/,mitsubishi,4m41
MY AVTO Search,Двигатель 4G63,Responsive search ad,Запчасти 4G63,Поршни 4G63,Кольца 4G63,Вкладыши 4G63,Капремонт 4G63,Ремкомплект 4G63,WhatsApp 7015509377,Магазин ТЦ CarCity,Доставка по Казахстану,Бесплатная консультация,Гарантия качества,Цены ниже рынка на 20%,Бутик 135В в CarCity,Магазин с 2015 года,Подбор по двигателю,"Запчасти на двигатель 4G63: поршни, кольца, вкладыши. Все размеры в наличии.",Магазин в Алматы ТЦ CarCity 3 ярус бутик 135В. Опытные консультанты с 2015 года.,Подбор по марке и коду двигателя через WhatsApp за 10 минут. Бесплатно.,Все размеры STD 0.25 0.50 в наличии. Доставка СДЭК по всему Казахстану.,https://my-avto.kz/mitsubishi/dvigateli/4g63/,mitsubishi,4g63
MY AVTO Search,Двигатель 4G93,Responsive search ad,Запчасти 4G93,Поршни 4G93,Кольца 4G93,Вкладыши 4G93,Капремонт 4G93,Ремкомплект 4G93,WhatsApp 7015509377,Магазин ТЦ CarCity,Доставка по Казахстану,Бесплатная консультация,Гарантия качества,Цены ниже рынка на 20%,Бутик 135В в CarCity,Магазин с 2015 года,Подбор по двигателю,"Запчасти на двигатель 4G93: поршни, кольца, вкладыши. Все размеры в наличии.",Магазин в Алматы ТЦ CarCity 3 ярус бутик 135В. Опытные консультанты с 2015 года.,Подбор по марке и коду двигателя через WhatsApp за 10 минут. Бесплатно.,Все размеры STD 0.25 0.50 в наличии. Доставка СДЭК по всему Казахстану.,https://my-avto.kz/mitsubishi/dvigateli/4g93/,mitsubishi,4g93
MY AVTO Search,Двигатель 4G94,Responsive search ad,Запчасти 4G94,Поршни 4G94,Кольца 4G94,Вкладыши 4G94,Капремонт 4G94,Ремкомплект 4G94,WhatsApp 7015509377,Магазин ТЦ CarCity,Доставка по Казахстану,Бесплатная консультация,Гарантия качества,Цены ниже рынка на 20%,Бутик 135В в CarCity,Магазин с 2015 года,Подбор по двигателю,"Запчасти на двигатель 4G94: поршни, кольца, вкладыши. Все размеры в наличии.",Магазин в Алматы ТЦ CarCity 3 ярус бутик 135В. Опытные консультанты с 2015 года.,Подбор по марке и коду двигателя через WhatsApp за 10 минут. Бесплатно.,Все размеры STD 0.25 0.50 в наличии. Доставка СДЭК по всему Казахстану.,https://my-avto.kz/mitsubishi/dvigateli/4g94/,mitsubishi,4g94
MY AVTO Search,Двигатель 4G15,Responsive search ad,Запчасти 4G15,Поршни 4G15,Кольца 4G15,Вкладыши 4G15,Капремонт 4G15,Ремкомплект 4G15,WhatsApp 7015509377,Магазин ТЦ CarCity,Доставка по Казахстану,Бесплатная консультация,Гарантия качества,Цены ниже рынка на 20%,Бутик 135В в CarCity,Магазин с 2015 года,Подбор по двигателю,"Запчасти на двигатель 4G15: поршни, кольца, вкладыши. Все размеры в наличии.",Магазин в Алматы ТЦ CarCity 3 ярус бутик 135В. Опытные консультанты с 2015 года.,Подбор по марке и коду двигателя через WhatsApp за 10 минут. Бесплатно.,Все размеры STD 0.25 0.50 в наличии. Доставка СДЭК по всему Казахстану.,https://my-avto.kz/mitsubishi/dvigateli/4g15/,mitsubishi,4g15
MY AVTO Search,Двигатель 6G72,Responsive search ad,Запчасти 6G72,Поршни 6G72,Кольца 6G72,Вкладыши 6G72,Капремонт 6G72,Ремкомплект 6G72,WhatsApp 7015509377,Магазин ТЦ CarCity,Доставка по Казахстану,Бесплатная консультация,Гарантия качества,Цены ниже рынка на 20%,Бутик 135В в CarCity,Магазин с 2015 года,Подбор по двигателю,"Запчасти на двигатель 6G72: поршни, кольца, вкладыши. Все размеры в наличии.",Магазин в Алматы ТЦ CarCity 3 ярус бутик 135В. Опытные консультанты с 2015 года.,Подбор по марке и коду двигателя через WhatsApp за 10 минут. Бесплатно.,Все размеры STD 0.25 0.50 в наличии. Доставка СДЭК по всему Казахстану.,https://my-avto.kz/mitsubishi/dvigateli/6g72/,mitsubishi,6g72
MY AVTO Search,Двигатель 6G74,Responsive search ad,Запчасти 6G74,Поршни 6G74,Кольца 6G74,Вкладыши 6G74,Капремонт 6G74,Ремкомплект 6G74,WhatsApp 7015509377,Магазин ТЦ CarCity,Доставка по Казахстану,Бесплатная консультация,Гарантия качества,Цены ниже рынка на 20%,Бутик 135В в CarCity,Магазин с 2015 года,Подбор по двигателю,"Запчасти на двигатель 6G74: поршни, кольца, вкладыши. Все размеры в наличии.",Магазин в Алматы ТЦ CarCity 3 ярус бутик 135В. Опытные консультанты с 2015 года.,Подбор по марке и коду двигателя через WhatsApp за 10 минут. Бесплатно.,Все размеры STD 0.25 0.50 в наличии. Доставка СДЭК по всему Казахстану.,https://my-avto.kz/mitsubishi/dvigateli/6g74/,mitsubishi,6g74
MY AVTO Search,Двигатель YD25,Responsive search ad,Запчасти YD25,Поршни YD25,Кольца YD25,Вкладыши YD25,Капремонт YD25,Ремкомплект YD25,WhatsApp 7015509377,Магазин ТЦ CarCity,Доставка по Казахстану,Бесплатная консультация,Гарантия качества,Цены ниже рынка на 20%,Бутик 135В в CarCity,Магазин с 2015 года,Подбор по двигателю,"Запчасти на двигатель YD25: поршни, кольца, вкладыши. Все размеры в наличии.",Магазин в Алматы ТЦ CarCity 3 ярус бутик 135В. Опытные консультанты с 2015 года.,Подбор по марке и коду двигателя через WhatsApp за 10 минут. Бесплатно.,Все размеры STD 0.25 0.50 в наличии. Доставка СДЭК по всему Казахстану.,https://my-avto.kz/nissan/dvigateli/yd25/,nissan,yd25
MY AVTO Search,Двигатель KA24,Responsive search ad,Запчасти KA24,Поршни KA24,Кольца KA24,Вкладыши KA24,Капремонт KA24,Ремкомплект KA24,WhatsApp 7015509377,Магазин ТЦ CarCity,Доставка по Казахстану,Бесплатная консультация,Гарантия качества,Цены ниже рынка на 20%,Бутик 135В в CarCity,Магазин с 2015 года,Подбор по двигателю,"Запчасти на двигатель KA24: поршни, кольца, вкладыши. Все размеры в наличии.",Магазин в Алматы ТЦ CarCity 3 ярус бутик 135В. Опытные консультанты с 2015 года.,Подбор по марке и коду двигателя через WhatsApp за 10 минут. Бесплатно.,Все размеры STD 0.25 0.50 в наличии. Доставка СДЭК по всему Казахстану.,https://my-avto.kz/nissan/dvigateli/ka24/,nissan,ka24
MY AVTO Search,Двигатель QR20,Responsive search ad,Запчасти QR20,Поршни QR20,Кольца QR20,Вкладыши QR20,Капремонт QR20,Ремкомплект QR20,WhatsApp 7015509377,Магазин ТЦ CarCity,Доставка по Казахстану,Бесплатная консультация,Гарантия качества,Цены ниже рынка на 20%,Бутик 135В в CarCity,Магазин с 2015 года,Подбор по двигателю,"Запчасти на двигатель QR20: поршни, кольца, вкладыши. Все размеры в наличии.",Магазин в Алматы ТЦ CarCity 3 ярус бутик 135В. Опытные консультанты с 2015 года.,Подбор по марке и коду двигателя через WhatsApp за 10 минут. Бесплатно.,Все размеры STD 0.25 0.50 в наличии. Доставка СДЭК по всему Казахстану.,https://my-avto.kz/nissan/dvigateli/qr20/,nissan,qr20
MY AVTO Search,Двигатель QR25,Responsive search ad,Запчасти QR25,Поршни QR25,Кольца QR25,Вкладыши QR25,Капремонт QR25,Ремкомплект QR25,WhatsApp 7015509377,Магазин ТЦ CarCity,Доставка по Казахстану,Бесплатная консультация,Гарантия качества,Цены ниже рынка на 20%,Бутик 135В в CarCity,Магазин с 2015 года,Подбор по двигателю,"Запчасти на двигатель QR25: поршни, кольца, вкладыши. Все размеры в наличии.",Магазин в Алматы ТЦ CarCity 3 ярус бутик 135В. Опытные консультанты с 2015 года.,Подбор по марке и коду двигателя через WhatsApp за 10 минут. Бесплатно.,Все размеры STD 0.25 0.50 в наличии. Доставка СДЭК по всему Казахстану.,https://my-avto.kz/nissan/dvigateli/qr25/,nissan,qr25
MY AVTO Search,Двигатель QG18,Responsive search ad,Запчасти QG18,Поршни QG18,Кольца QG18,Вкладыши QG18,Капремонт QG18,Ремкомплект QG18,WhatsApp 7015509377,Магазин ТЦ CarCity,Доставка по Казахстану,Бесплатная консультация,Гарантия качества,Цены ниже рынка на 20%,Бутик 135В в CarCity,Магазин с 2015 года,Подбор по двигателю,"Запчасти на двигатель QG18: поршни, кольца, вкладыши. Все размеры в наличии.",Магазин в Алматы ТЦ CarCity 3 ярус бутик 135В. Опытные консультанты с 2015 года.,Подбор по марке и коду двигателя через WhatsApp за 10 минут. Бесплатно.,Все размеры STD 0.25 0.50 в наличии. Доставка СДЭК по всему Казахстану.,https://my-avto.kz/nissan/dvigateli/qg18/,nissan,qg18
MY AVTO Search,Двигатель SR20,Responsive search ad,Запчасти SR20,Поршни SR20,Кольца SR20,Вкладыши SR20,Капремонт SR20,Ремкомплект SR20,WhatsApp 7015509377,Магазин ТЦ CarCity,Доставка по Казахстану,Бесплатная консультация,Гарантия качества,Цены ниже рынка на 20%,Бутик 135В в CarCity,Магазин с 2015 года,Подбор по двигателю,"Запчасти на двигатель SR20: поршни, кольца, вкладыши. Все размеры в наличии.",Магазин в Алматы ТЦ CarCity 3 ярус бутик 135В. Опытные консультанты с 2015 года.,Подбор по марке и коду двигателя через WhatsApp за 10 минут. Бесплатно.,Все размеры STD 0.25 0.50 в наличии. Доставка СДЭК по всему Казахстану.,https://my-avto.kz/nissan/dvigateli/sr20/,nissan,sr20
MY AVTO Search,Двигатель MR20,Responsive search ad,Запчасти MR20,Поршни MR20,Кольца MR20,Вкладыши MR20,Капремонт MR20,Ремкомплект MR20,WhatsApp 7015509377,Магазин ТЦ CarCity,Доставка по Казахстану,Бесплатная консультация,Гарантия качества,Цены ниже рынка на 20%,Бутик 135В в CarCity,Магазин с 2015 года,Подбор по двигателю,"Запчасти на двигатель MR20: поршни, кольца, вкладыши. Все размеры в наличии.",Магазин в Алматы ТЦ CarCity 3 ярус бутик 135В. Опытные консультанты с 2015 года.,Подбор по марке и коду двигателя через WhatsApp за 10 минут. Бесплатно.,Все размеры STD 0.25 0.50 в наличии. Доставка СДЭК по всему Казахстану.,https://my-avto.kz/nissan/dvigateli/mr20/,nissan,mr20
MY AVTO Search,Двигатель VQ25,Responsive search ad,Запчасти VQ25,Поршни VQ25,Кольца VQ25,Вкладыши VQ25,Капремонт VQ25,Ремкомплект VQ25,WhatsApp 7015509377,Магазин ТЦ CarCity,Доставка по Казахстану,Бесплатная консультация,Гарантия качества,Цены ниже рынка на 20%,Бутик 135В в CarCity,Магазин с 2015 года,Подбор по двигателю,"Запчасти на двигатель VQ25: поршни, кольца, вкладыши. Все размеры в наличии.",Магазин в Алматы ТЦ CarCity 3 ярус бутик 135В. Опытные консультанты с 2015 года.,Подбор по марке и коду двигателя через WhatsApp за 10 минут. Бесплатно.,Все размеры STD 0.25 0.50 в наличии. Доставка СДЭК по всему Казахстану.,https://my-avto.kz/nissan/dvigateli/vq25de/,nissan,vq25
MY AVTO Search,Двигатель VQ30,Responsive search ad,Запчасти VQ30,Поршни VQ30,Кольца VQ30,Вкладыши VQ30,Капремонт VQ30,Ремкомплект VQ30,WhatsApp 7015509377,Магазин ТЦ CarCity,Доставка по Казахстану,Бесплатная консультация,Гарантия качества,Цены ниже рынка на 20%,Бутик 135В в CarCity,Магазин с 2015 года,Подбор по двигателю,"Запчасти на двигатель VQ30: поршни, кольца, вкладыши. Все размеры в наличии.",Магазин в Алматы ТЦ CarCity 3 ярус бутик 135В. Опытные консультанты с 2015 года.,Подбор по марке и коду двигателя через WhatsApp за 10 минут. Бесплатно.,Все размеры STD 0.25 0.50 в наличии. Доставка СДЭК по всему Казахстану.,https://my-avto.kz/nissan/dvigateli/vq30de/,nissan,vq30
MY AVTO Search,Двигатель VQ35,Responsive search ad,Запчасти VQ35,Поршни VQ35,Кольца VQ35,Вкладыши VQ35,Капремонт VQ35,Ремкомплект VQ35,WhatsApp 7015509377,Магазин ТЦ CarCity,Доставка по Казахстану,Бесплатная консультация,Гарантия качества,Цены ниже рынка на 20%,Бутик 135В в CarCity,Магазин с 2015 года,Подбор по двигателю,"Запчасти на двигатель VQ35: поршни, кольца, вкладыши. Все размеры в наличии.",Магазин в Алматы ТЦ CarCity 3 ярус бутик 135В. Опытные консультанты с 2015 года.,Подбор по марке и коду двигателя через WhatsApp за 10 минут. Бесплатно.,Все размеры STD 0.25 0.50 в наличии. Доставка СДЭК по всему Казахстану.,https://my-avto.kz/nissan/dvigateli/vq35de/,nissan,vq35
MY AVTO Search,Двигатель EN20,Responsive search ad,Запчасти EN20,Поршни EN20,Кольца EN20,Вкладыши EN20,Капремонт EN20,Ремкомплект EN20,WhatsApp 7015509377,Магазин ТЦ CarCity,Доставка по Казахстану,Бесплатная консультация,Гарантия качества,Цены ниже рынка на 20%,Бутик 135В в CarCity,Магазин с 2015 года,Подбор по двигателю,"Запчасти на двигатель EN20: поршни, кольца, вкладыши. Все размеры в наличии.",Магазин в Алматы ТЦ CarCity 3 ярус бутик 135В. Опытные консультанты с 2015 года.,Подбор по марке и коду двигателя через WhatsApp за 10 минут. Бесплатно.,Все размеры STD 0.25 0.50 в наличии. Доставка СДЭК по всему Казахстану.,https://my-avto.kz/nissan/dvigateli/en20b/,nissan,en20
MY AVTO Search,Двигатель Mazda EJ20,Responsive search ad,Mazda EJ20 запчасти,Mazda EJ20 поршни,Mazda EJ20 кольца,Mazda EJ20 вкладыши,Капремонт Mazda EJ20,Запчасти Mazda Алматы,WhatsApp 7015509377,Магазин ТЦ CarCity,Доставка по Казахстану,Бесплатная консультация,Гарантия качества,Цены ниже рынка на 20%,Бутик 135В в CarCity,Магазин с 2015 года,Подбор по двигателю,"Запчасти на Mazda EJ20: поршни, кольца, вкладыши, ремкомплекты в наличии.",Магазин в Алматы ТЦ CarCity 3 ярус бутик 135В. Опытные консультанты с 2015 года.,Подбор по марке и коду двигателя через WhatsApp за 10 минут. Бесплатно.,Все размеры STD 0.25 0.50 в наличии. Доставка СДЭК по всему Казахстану.,https://my-avto.kz/mazda/,mazda,ej20
MY AVTO Search,Двигатель Mazda FS,Responsive search ad,Mazda FS запчасти,Mazda FS поршни,Mazda FS кольца,Mazda FS вкладыши,Капремонт Mazda FS,Запчасти Mazda Алматы,WhatsApp 7015509377,Магазин ТЦ CarCity,Доставка по Казахстану,Бесплатная консультация,Гарантия качества,Цены ниже рынка на 20%,Бутик 135В в CarCity,Магазин с 2015 года,Подбор по двигателю,"Запчасти на Mazda FS: поршни, кольца, вкладыши, ремкомплекты в наличии.",Магазин в Алматы ТЦ CarCity 3 ярус бутик 135В. Опытные консультанты с 2015 года.,Подбор по марке и коду двигателя через WhatsApp за 10 минут. Бесплатно.,Все размеры STD 0.25 0.50 в наличии. Доставка СДЭК по всему Казахстану.,https://my-avto.kz/mazda/,mazda,fs
MY AVTO Search,Двигатель Mazda L3,Responsive search ad,Mazda L3 запчасти,Mazda L3 поршни,Mazda L3 кольца,Mazda L3 вкладыши,Капремонт Mazda L3,Запчасти Mazda Алматы,WhatsApp 7015509377,Магазин ТЦ CarCity,Доставка по Казахстану,Бесплатная консультация,Гарантия качества,Цены ниже рынка на 20%,Бутик 135В в CarCity,Магазин с 2015 года,Подбор по двигателю,"Запчасти на Mazda L3: поршни, кольца, вкладыши, ремкомплекты в наличии.",Магазин в Алматы ТЦ CarCity 3 ярус бутик 135В. Опытные консультанты с 2015 года.,Подбор по марке и коду двигателя через WhatsApp за 10 минут. Бесплатно.,Все размеры STD 0.25 0.50 в наличии. Доставка СДЭК по всему Казахстану.,https://my-avto.kz/mazda/,mazda,l3
MY AVTO Search,Двигатель Mazda LF,Responsive search ad,Mazda LF запчасти,Mazda LF поршни,Mazda LF кольца,Mazda LF вкладыши,Капремонт Mazda LF,Запчасти Mazda Алматы,WhatsApp 7015509377,Магазин ТЦ CarCity,Доставка по Казахстану,Бесплатная консультация,Гарантия качества,Цены ниже рынка на 20%,Бутик 135В в CarCity,Магазин с 2015 года,Подбор по двигателю,"Запчасти на Mazda LF: поршни, кольца, вкладыши, ремкомплекты в наличии.",Магазин в Алматы ТЦ CarCity 3 ярус бутик 135В. Опытные консультанты с 2015 года.,Подбор по марке и коду двигателя через WhatsApp за 10 минут. Бесплатно.,Все размеры STD 0.25 0.50 в наличии. Доставка СДЭК по всему Казахстану.,https://my-avto.kz/mazda/,mazda,lf
MY AVTO Search,Двигатель Mazda WLT,Responsive search ad,Mazda WLT запчасти,Mazda WLT поршни,Mazda WLT кольца,Mazda WLT вкладыши,Капремонт Mazda WLT,Запчасти Mazda Алматы,WhatsApp 7015509377,Магазин ТЦ CarCity,Доставка по Казахстану,Бесплатная консультация,Гарантия качества,Цены ниже рынка на 20%,Бутик 135В в CarCity,Магазин с 2015 года,Подбор по двигателю,"Запчасти на Mazda WLT: поршни, кольца, вкладыши, ремкомплекты в наличии.",Магазин в Алматы ТЦ CarCity 3 ярус бутик 135В. Опытные консультанты с 2015 года.,Подбор по марке и коду двигателя через WhatsApp за 10 минут. Бесплатно.,Все размеры STD 0.25 0.50 в наличии. Доставка СДЭК по всему Казахстану.,https://my-avto.kz/mazda/,mazda,wlt
MY AVTO Search,Двигатель Mazda ZL,Responsive search ad,Mazda ZL запчасти,Mazda ZL поршни,Mazda ZL кольца,Mazda ZL вкладыши,Капремонт Mazda ZL,Запчасти Mazda Алматы,WhatsApp 7015509377,Магазин ТЦ CarCity,Доставка по Казахстану,Бесплатная консультация,Гарантия качества,Цены ниже рынка на 20%,Бутик 135В в CarCity,Магазин с 2015 года,Подбор по двигателю,"Запчасти на Mazda ZL: поршни, кольца, вкладыши, ремкомплекты в наличии.",Магазин в Алматы ТЦ CarCity 3 ярус бутик 135В. Опытные консультанты с 2015 года.,Подбор по марке и коду двигателя через WhatsApp за 10 минут. Бесплатно.,Все размеры STD 0.25 0.50 в наличии. Доставка СДЭК по всему Казахстану.,https://my-avto.kz/mazda/,mazda,zl
MY AVTO Search,Двигатель Mazda ZY,Responsive search ad,Mazda ZY запчасти,Mazda ZY поршни,Mazda ZY кольца,Mazda ZY вкладыши,Капремонт Mazda ZY,Запчасти Mazda Алматы,WhatsApp 7015509377,Магазин ТЦ CarCity,Доставка по Казахстану,Бесплатная консультация,Гарантия качества,Цены ниже рынка на 20%,Бутик 135В в CarCity,Магазин с 2015 года,Подбор по двигателю,"Запчасти на Mazda ZY: поршни, кольца, вкладыши, ремкомплекты в наличии.",Магазин в Алматы ТЦ CarCity 3 ярус бутик 135В. Опытные консультанты с 2015 года.,Подбор по марке и коду двигателя через WhatsApp за 10 минут. Бесплатно.,Все размеры STD 0.25 0.50 в наличии. Доставка СДЭК по всему Казахстану.,https://my-avto.kz/mazda/,mazda,zy
MY AVTO Search,Бренд TEIKIN,Responsive search ad,TEIKIN запчасти Алматы,TEIKIN оригинал Япония,Купить TEIKIN,TEIKIN в Казахстане,Поршни TEIKIN,TEIKIN цена,WhatsApp 7015509377,Магазин ТЦ CarCity,Доставка по Казахстану,Бесплатная консультация,Гарантия качества,Цены ниже рынка на 20%,Бутик 135В в CarCity,Магазин с 2015 года,Подбор по двигателю,Бренд TEIKIN: оригинал из Японии. Поставка напрямую без посредников. Гарантия.,Магазин в Алматы ТЦ CarCity 3 ярус бутик 135В. Опытные консультанты с 2015 года.,Подбор по марке и коду двигателя через WhatsApp за 10 минут. Бесплатно.,Все размеры STD 0.25 0.50 в наличии. Доставка СДЭК по всему Казахстану.,https://my-avto.kz/brendy/teikin/,brendy,teikin
MY AVTO Search,Бренд NPR,Responsive search ad,NPR запчасти Алматы,NPR оригинал Япония,Купить NPR,NPR в Казахстане,Поршни NPR,NPR цена,WhatsApp 7015509377,Магазин ТЦ CarCity,Доставка по Казахстану,Бесплатная консультация,Гарантия качества,Цены ниже рынка на 20%,Бутик 135В в CarCity,Магазин с 2015 года,Подбор по двигателю,Бренд NPR: оригинал из Японии. Поставка напрямую без посредников. Гарантия.,Магазин в Алматы ТЦ CarCity 3 ярус бутик 135В. Опытные консультанты с 2015 года.,Подбор по марке и коду двигателя через WhatsApp за 10 минут. Бесплатно.,Все размеры STD 0.25 0.50 в наличии. Доставка СДЭК по всему Казахстану.,https://my-avto.kz/brendy/npr/,brendy,npr
MY AVTO Search,Бренд IZUMI,Responsive search ad,IZUMI запчасти Алматы,IZUMI оригинал Япония,Купить IZUMI,IZUMI в Казахстане,Поршни IZUMI,IZUMI цена,WhatsApp 7015509377,Магазин ТЦ CarCity,Доставка по Казахстану,Бесплатная консультация,Гарантия качества,Цены ниже рынка на 20%,Бутик 135В в CarCity,Магазин с 2015 года,Подбор по двигателю,Бренд IZUMI: оригинал из Японии. Поставка напрямую без посредников. Гарантия.,Магазин в Алматы ТЦ CarCity 3 ярус бутик 135В. Опытные консультанты с 2015 года.,Подбор по марке и коду двигателя через WhatsApp за 10 минут. Бесплатно.,Все размеры STD 0.25 0.50 в наличии. Доставка СДЭК по всему Казахстану.,https://my-avto.kz/brendy/izumi/,brendy,izumi
MY AVTO Search,Бренд RIK,Responsive search ad,RIK запчасти Алматы,RIK оригинал Япония,Купить RIK,RIK в Казахстане,Поршни RIK,RIK цена,WhatsApp 7015509377,Магазин ТЦ CarCity,Доставка по Казахстану,Бесплатная консультация,Гарантия качества,Цены ниже рынка на 20%,Бутик 135В в CarCity,Магазин с 2015 года,Подбор по двигателю,Бренд RIK: оригинал из Японии. Поставка напрямую без посредников. Гарантия.,Магазин в Алматы ТЦ CarCity 3 ярус бутик 135В. Опытные консультанты с 2015 года.,Подбор по марке и коду двигателя через WhatsApp за 10 минут. Бесплатно.,Все размеры STD 0.25 0.50 в наличии. Доставка СДЭК по всему Казахстану.,https://my-avto.kz/brendy/rik/,brendy,rik
MY AVTO Search,Бренд TP,Responsive search ad,TP запчасти Алматы,TP оригинал Япония,Купить TP,TP в Казахстане,Поршни TP,TP цена,WhatsApp 7015509377,Магазин ТЦ CarCity,Доставка по Казахстану,Бесплатная консультация,Гарантия качества,Цены ниже рынка на 20%,Бутик 135В в CarCity,Магазин с 2015 года,Подбор по двигателю,Бренд TP: оригинал из Японии. Поставка напрямую без посредников. Гарантия.,Магазин в Алматы ТЦ CarCity 3 ярус бутик 135В. Опытные консультанты с 2015 года.,Подбор по марке и коду двигателя через WhatsApp за 10 минут. Бесплатно.,Все размеры STD 0.25 0.50 в наличии. Доставка СДЭК по всему Казахстану.,https://my-avto.kz/brendy/tp/,brendy,tp
MY AVTO Search,Бренд ND,Responsive search ad,ND запчасти Алматы,ND оригинал Япония,Купить ND,ND в Казахстане,Поршни ND,ND цена,WhatsApp 7015509377,Магазин ТЦ CarCity,Доставка по Казахстану,Бесплатная консультация,Гарантия качества,Цены ниже рынка на 20%,Бутик 135В в CarCity,Магазин с 2015 года,Подбор по двигателю,Бренд ND: оригинал из Японии. Поставка напрямую без посредников. Гарантия.,Магазин в Алматы ТЦ CarCity 3 ярус бутик 135В. Опытные консультанты с 2015 года.,Подбор по марке и коду двигателя через WhatsApp за 10 минут. Бесплатно.,Все размеры STD 0.25 0.50 в наличии. Доставка СДЭК по всему Казахстану.,https://my-avto.kz/brendy/nd/,brendy,nd
MY AVTO Search,Бренд Taiho,Responsive search ad,Taiho запчасти Алматы,Taiho оригинал Япония,Купить Taiho,Taiho в Казахстане,Поршни Taiho,Taiho цена,WhatsApp 7015509377,Магазин ТЦ CarCity,Доставка по Казахстану,Бесплатная консультация,Гарантия качества,Цены ниже рынка на 20%,Бутик 135В в CarCity,Магазин с 2015 года,Подбор по двигателю,Бренд Taiho: оригинал из Японии. Поставка напрямую без посредников. Гарантия.,Магазин в Алматы ТЦ CarCity 3 ярус бутик 135В. Опытные консультанты с 2015 года.,Подбор по марке и коду двигателя через WhatsApp за 10 минут. Бесплатно.,Все размеры STD 0.25 0.50 в наличии. Доставка СДЭК по всему Казахстану.,https://my-avto.kz/brendy/taiho/,brendy,taiho
MY AVTO Search,Бренд NDC,Responsive search ad,NDC запчасти Алматы,NDC оригинал Япония,Купить NDC,NDC в Казахстане,Поршни NDC,NDC цена,WhatsApp 7015509377,Магазин ТЦ CarCity,Доставка по Казахстану,Бесплатная консультация,Гарантия качества,Цены ниже рынка на 20%,Бутик 135В в CarCity,Магазин с 2015 года,Подбор по двигателю,Бренд NDC: оригинал из Японии. Поставка напрямую без посредников. Гарантия.,Магазин в Алматы ТЦ CarCity 3 ярус бутик 135В. Опытные консультанты с 2015 года.,Подбор по марке и коду двигателя через WhatsApp за 10 минут. Бесплатно.,Все размеры STD 0.25 0.50 в наличии. Доставка СДЭК по всему Казахстану.,https://my-avto.kz/brendy/ndc/,brendy,ndc
