Campaign,Keyword,Match Type
MY AVTO Search,камаз,Phrase
MY AVTO Search,ямз,Phrase
MY AVTO Search,змз,Phrase
MY AVTO Search,маз,Exact
MY AVTO Search,краз,Phrase
MY AVTO Search,газ,Exact
MY AVTO Search,газель,Phrase
MY AVTO Search,уаз,Exact
MY AVTO Search,ваз,Exact
MY AVTO Search,лада,Phrase
MY AVTO Search,нива,Phrase
MY AVTO Search,приора,Phrase
MY AVTO Search,прима,Phrase
MY AVTO Search,калина,Phrase
MY AVTO Search,гранта,Phrase
MY AVTO Search,веста,Phrase
MY AVTO Search,ларгус,Phrase
MY AVTO Search,москвич,Phrase
MY AVTO Search,иж,Exact
MY AVTO Search,заз,Exact
MY AVTO Search,таврия,Phrase
MY AVTO Search,волга,Phrase
MY AVTO Search,зил,Exact
MY AVTO Search,паз,Exact
MY AVTO Search,мтз,Phrase
MY AVTO Search,юмз,Phrase
MY AVTO Search,белаз,Phrase
MY AVTO Search,запорожец,Phrase
MY AVTO Search,ока,Exact
MY AVTO Search,ssangyong,Phrase
MY AVTO Search,санг енг,Phrase
MY AVTO Search,санг-енг,Phrase
MY AVTO Search,бмв,Phrase
MY AVTO Search,bmw,Phrase
MY AVTO Search,мерседес,Phrase
MY AVTO Search,mercedes,Phrase
MY AVTO Search,ауди,Phrase
MY AVTO Search,audi,Phrase
MY AVTO Search,фольксваген,Phrase
MY AVTO Search,volkswagen,Phrase
MY AVTO Search,шкода,Phrase
MY AVTO Search,skoda,Phrase
MY AVTO Search,форд,Phrase
MY AVTO Search,ford,Phrase
MY AVTO Search,шевроле,Phrase
MY AVTO Search,chevrolet,Phrase
MY AVTO Search,опель,Phrase
MY AVTO Search,opel,Phrase
MY AVTO Search,рено,Phrase
MY AVTO Search,renault,Phrase
MY AVTO Search,пежо,Phrase
MY AVTO Search,peugeot,Phrase
MY AVTO Search,ситроен,Phrase
MY AVTO Search,citroen,Phrase
MY AVTO Search,фиат,Phrase
MY AVTO Search,fiat,Phrase
MY AVTO Search,вольво,Phrase
MY AVTO Search,volvo,Phrase
MY AVTO Search,porsche,Phrase
MY AVTO Search,порше,Phrase
MY AVTO Search,land rover,Phrase
MY AVTO Search,range rover,Phrase
MY AVTO Search,ленд ровер,Phrase
MY AVTO Search,mini cooper,Phrase
MY AVTO Search,chery,Phrase
MY AVTO Search,geely,Phrase
MY AVTO Search,haval,Phrase
MY AVTO Search,great wall,Phrase
MY AVTO Search,hyundai,Phrase
MY AVTO Search,хендай,Phrase
MY AVTO Search,kia,Phrase
MY AVTO Search,киа,Phrase
MY AVTO Search,daewoo,Phrase
MY AVTO Search,дэу,Phrase
MY AVTO Search,бесплатно,Phrase
MY AVTO Search,своими руками,Phrase
MY AVTO Search,схема,Phrase
MY AVTO Search,чертеж,Phrase
MY AVTO Search,видео,Phrase
MY AVTO Search,инструкция,Phrase
MY AVTO Search,википедия,Phrase
MY AVTO Search,форум,Phrase
MY AVTO Search,отзывы,Phrase
MY AVTO Search,производитель,Phrase
MY AVTO Search,завод,Phrase
MY AVTO Search,реферат,Phrase
MY AVTO Search,авито,Phrase
MY AVTO Search,дром,Phrase
MY AVTO Search,olx,Phrase
MY AVTO Search,бу,Exact
MY AVTO Search,б/у,Phrase
MY AVTO Search,ямз 238,Phrase
MY AVTO Search,ямз 236,Phrase
MY AVTO Search,ямз 240,Phrase
MY AVTO Search,змз 406,Phrase
MY AVTO Search,змз 402,Phrase
MY AVTO Search,змз 405,Phrase
MY AVTO Search,камаз 740,Phrase
MY AVTO Search,д 240,Phrase
MY AVTO Search,д 245,Phrase
